id,src_site_id,name,zipcode,address,recruiter_id,created_by,updated_by,created_at,updated_at,ctms
29,27,Velocity Clinical,90057,"Los Angeles, CA 90057, USA",29,0,0,18-04-2022 10:30,18-04-2022 10:30,NRI CC
1,42,Anderson,29621,"Anderson, SC 29621, USA",1,NULL,NULL,18-04-2022 10:30,18-04-2022 10:30,CRIO
2,26,Austin,78613,"Cedar Park, TX 78613, USA",2,NULL,NULL,18-04-2022 10:30,18-04-2022 10:30,CRIO
3,25,Banning,92220,"Banning, CA 92220, USA",3,NULL,NULL,18-04-2022 10:30,18-04-2022 10:30,CRIO
4,2,Boise,83642,"Meridian, ID 83642",4,NULL,NULL,18-04-2022 10:30,18-04-2022 10:30,Enterprise CC
5,3,Chula Vista,91911,"Chula Vista, CA 91911, USA",5,NULL,NULL,18-04-2022 10:30,18-04-2022 10:30,CRIO
6,24,Cincinnati,45242,"Cincinnati, OH 45242, USA",6,NULL,NULL,18-04-2022 10:30,18-04-2022 10:30,Enterprise CC
7,4,Cleveland,44122,"WARRENSVL HTS, OH 44122, USA",7,NULL,NULL,18-04-2022 10:30,18-04-2022 10:30,Enterprise CC
8,43,Columbia,29204,"Columbia, SC 29204, USA",8,NULL,NULL,18-04-2022 10:30,18-04-2022 10:30,CRIO
9,22,Denver,80209,"Denver, CO 80209, USA",9,NULL,NULL,18-04-2022 10:30,18-04-2022 10:30,Enterprise CC
10,44,Gaffney,29340,"Gaffney, SC 29340, USA",10,NULL,NULL,18-04-2022 10:30,18-04-2022 10:30,CRIO
12,5,Grants Pass,97527,"Grants Pass, OR 97527, USA",12,NULL,NULL,18-04-2022 10:30,18-04-2022 10:30,Enterprise CC
13,41,Greenville,29615,"Greenville, SC 29615, USA",13,NULL,NULL,18-04-2022 10:30,18-04-2022 10:30,CRIO
14,12,Hallandale Beach,33009,"HALNDLE BCH, FL 33009, USA",14,NULL,NULL,18-04-2022 10:30,18-04-2022 10:30,Enterprise CC
16,6,Medford,97504,"Medford, OR 97504, USA",16,NULL,NULL,18-04-2022 10:30,18-04-2022 10:30,Enterprise CC
17,23,New Smyrna Beach,32132,"Edgewater, FL 32132, USA",17,NULL,NULL,18-04-2022 10:30,18-04-2022 10:30,Enterprise CC
18,28,North Hollywood,91606,"North Hollywood, CA 91606, USA",18,NULL,NULL,18-04-2022 10:30,18-04-2022 10:30,Enterprise CC
20,14,Providence,2818,"East Greenwich, RI 02818, USA",20,NULL,NULL,18-04-2022 10:30,18-04-2022 10:30,Enterprise CC
21,7,Salt Lake City,84088,"West Jordan, UT 84088, USA",21,NULL,NULL,18-04-2022 10:30,18-04-2022 10:30,Enterprise CC
22,10,San Diego,91942,"La Mesa, CA 91942, USA",22,NULL,NULL,18-04-2022 10:30,18-04-2022 10:30,CRIO
24,45,Spartanburg,29303,"Spartanburg, SC 29303, USA",24,NULL,NULL,18-04-2022 10:30,18-04-2022 10:30,CRIO
25,21,Spokane,99204,"Spokane, WA 99204, USA",25,0,0,18-04-2022 10:30,18-04-2022 10:30,CRIO
27,46,Union,29379,"Union, SC 29379, USA",27,0,0,18-04-2022 10:30,18-04-2022 10:30,CRIO
28,13,Valparaiso,46383,"Valparaiso, IN 46383, USA",28,0,0,18-04-2022 10:30,18-04-2022 10:30,Enterprise CC
